nome_imagem;categoria;acuracia;data;localidade;origem
demo_0001.jpg;Saudável;92.54;2026-09-01;Talhão A;Simulado
demo_0002.jpg;Saudável;97.9;2026-09-01;Talhão A;Simulado
demo_0003.jpg;Saudável;88.35;2026-09-01;Talhão A;Simulado
demo_0004.jpg;Saudável;93.35;2026-09-01;Talhão A;Simulado
demo_0005.jpg;Saudável;93.22;2026-09-01;Talhão A;Simulado
demo_0006.jpg;Saudável;96.52;2026-09-01;Talhão A;Simulado
demo_0007.jpg;Saudável;93.8;2026-09-01;Talhão A;Simulado
demo_0008.jpg;Saudável;94.21;2026-09-01;Talhão A;Simulado
demo_0009.jpg;Saudável;97.25;2026-09-01;Talhão A;Simulado
demo_0010.jpg;Saudável;97.22;2026-09-01;Talhão A;Simulado
demo_0011.jpg;Saudável;95.19;2026-09-01;Talhão A;Simulado
demo_0012.jpg;Saudável;88.77;2026-09-01;Talhão A;Simulado
demo_0013.jpg;Saudável;98.94;2026-09-01;Talhão B;Simulado
demo_0014.jpg;Saudável;99.99;2026-09-01;Talhão B;Simulado
demo_0015.jpg;Saudável;86.14;2026-09-01;Talhão B;Simulado
demo_0016.jpg;Saudável;93.36;2026-09-01;Talhão B;Simulado
demo_0017.jpg;Saudável;91.86;2026-09-01;Talhão B;Simulado
demo_0018.jpg;Saudável;95.56;2026-09-01;Talhão B;Simulado
demo_0019.jpg;Saudável;85.37;2026-09-01;Talhão B;Simulado
demo_0020.jpg;Saudável;90.45;2026-09-01;Talhão B;Simulado
demo_0021.jpg;Saudável;90.98;2026-09-01;Talhão B;Simulado
demo_0022.jpg;Saudável;92.48;2026-09-01;Talhão B;Simulado
demo_0023.jpg;Saudável;92.6;2026-09-01;Talhão B;Simulado
demo_0024.jpg;Saudável;94.0;2026-09-01;Talhão B;Simulado
demo_0025.jpg;Saudável;98.75;2026-09-01;Talhão C;Simulado
demo_0026.jpg;Saudável;91.3;2026-09-01;Talhão C;Simulado
demo_0027.jpg;Saudável;92.19;2026-09-01;Talhão C;Simulado
demo_0028.jpg;Saudável;85.38;2026-09-01;Talhão C;Simulado
demo_0029.jpg;Saudável;86.93;2026-09-01;Talhão C;Simulado
demo_0030.jpg;Doente;92.8;2026-09-01;Talhão C;Simulado
demo_0031.jpg;Saudável;86.54;2026-09-01;Talhão C;Simulado
demo_0032.jpg;Saudável;92.05;2026-09-01;Talhão C;Simulado
demo_0033.jpg;Saudável;88.43;2026-09-01;Talhão C;Simulado
demo_0034.jpg;Saudável;94.4;2026-09-01;Talhão C;Simulado
demo_0035.jpg;Saudável;92.04;2026-09-01;Talhão C;Simulado
demo_0036.jpg;Saudável;99.81;2026-09-01;Talhão C;Simulado
demo_0037.jpg;Saudável;93.4;2026-09-02;Talhão A;Simulado
demo_0038.jpg;Saudável;89.61;2026-09-02;Talhão A;Simulado
demo_0039.jpg;Saudável;92.53;2026-09-02;Talhão A;Simulado
demo_0040.jpg;Saudável;98.27;2026-09-02;Talhão A;Simulado
demo_0041.jpg;Saudável;89.42;2026-09-02;Talhão A;Simulado
demo_0042.jpg;Saudável;85.5;2026-09-02;Talhão A;Simulado
demo_0043.jpg;Saudável;93.96;2026-09-02;Talhão A;Simulado
demo_0044.jpg;Saudável;92.84;2026-09-02;Talhão A;Simulado
demo_0045.jpg;Saudável;98.82;2026-09-02;Talhão A;Simulado
demo_0046.jpg;Saudável;92.28;2026-09-02;Talhão A;Simulado
demo_0047.jpg;Saudável;97.39;2026-09-02;Talhão A;Simulado
demo_0048.jpg;Saudável;93.37;2026-09-02;Talhão A;Simulado
demo_0049.jpg;Saudável;97.47;2026-09-02;Talhão B;Simulado
demo_0050.jpg;Saudável;98.75;2026-09-02;Talhão B;Simulado
demo_0051.jpg;Doente;92.48;2026-09-02;Talhão B;Simulado
demo_0052.jpg;Saudável;92.73;2026-09-02;Talhão B;Simulado
demo_0053.jpg;Saudável;99.48;2026-09-02;Talhão B;Simulado
demo_0054.jpg;Saudável;97.64;2026-09-02;Talhão B;Simulado
demo_0055.jpg;Saudável;85.96;2026-09-02;Talhão B;Simulado
demo_0056.jpg;Saudável;92.48;2026-09-02;Talhão B;Simulado
demo_0057.jpg;Doente;93.7;2026-09-02;Talhão B;Simulado
demo_0058.jpg;Saudável;91.74;2026-09-02;Talhão B;Simulado
demo_0059.jpg;Doente;78.0;2026-09-02;Talhão B;Simulado
demo_0060.jpg;Saudável;98.98;2026-09-02;Talhão B;Simulado
demo_0061.jpg;Doente;94.67;2026-09-02;Talhão C;Simulado
demo_0062.jpg;Saudável;94.32;2026-09-02;Talhão C;Simulado
demo_0063.jpg;Saudável;99.35;2026-09-02;Talhão C;Simulado
demo_0064.jpg;Saudável;94.53;2026-09-02;Talhão C;Simulado
demo_0065.jpg;Doente;84.58;2026-09-02;Talhão C;Simulado
demo_0066.jpg;Saudável;96.54;2026-09-02;Talhão C;Simulado
demo_0067.jpg;Saudável;92.38;2026-09-02;Talhão C;Simulado
demo_0068.jpg;Saudável;87.02;2026-09-02;Talhão C;Simulado
demo_0069.jpg;Saudável;93.82;2026-09-02;Talhão C;Simulado
demo_0070.jpg;Saudável;98.14;2026-09-02;Talhão C;Simulado
demo_0071.jpg;Saudável;86.27;2026-09-02;Talhão C;Simulado
demo_0072.jpg;Saudável;99.03;2026-09-02;Talhão C;Simulado
demo_0073.jpg;Saudável;98.73;2026-09-03;Talhão A;Simulado
demo_0074.jpg;Saudável;91.18;2026-09-03;Talhão A;Simulado
demo_0075.jpg;Saudável;92.8;2026-09-03;Talhão A;Simulado
demo_0076.jpg;Saudável;85.21;2026-09-03;Talhão A;Simulado
demo_0077.jpg;Saudável;98.32;2026-09-03;Talhão A;Simulado
demo_0078.jpg;Doente;85.29;2026-09-03;Talhão A;Simulado
demo_0079.jpg;Saudável;96.54;2026-09-03;Talhão A;Simulado
demo_0080.jpg;Doente;88.72;2026-09-03;Talhão A;Simulado
demo_0081.jpg;Saudável;89.56;2026-09-03;Talhão A;Simulado
demo_0082.jpg;Saudável;86.82;2026-09-03;Talhão A;Simulado
demo_0083.jpg;Saudável;93.57;2026-09-03;Talhão A;Simulado
demo_0084.jpg;Saudável;87.31;2026-09-03;Talhão A;Simulado
demo_0085.jpg;Saudável;91.5;2026-09-03;Talhão B;Simulado
demo_0086.jpg;Saudável;93.97;2026-09-03;Talhão B;Simulado
demo_0087.jpg;Saudável;86.04;2026-09-03;Talhão B;Simulado
demo_0088.jpg;Saudável;87.93;2026-09-03;Talhão B;Simulado
demo_0089.jpg;Saudável;85.68;2026-09-03;Talhão B;Simulado
demo_0090.jpg;Saudável;97.58;2026-09-03;Talhão B;Simulado
demo_0091.jpg;Saudável;96.32;2026-09-03;Talhão B;Simulado
demo_0092.jpg;Saudável;95.66;2026-09-03;Talhão B;Simulado
demo_0093.jpg;Saudável;86.94;2026-09-03;Talhão B;Simulado
demo_0094.jpg;Saudável;96.78;2026-09-03;Talhão B;Simulado
demo_0095.jpg;Saudável;99.35;2026-09-03;Talhão B;Simulado
demo_0096.jpg;Saudável;97.67;2026-09-03;Talhão B;Simulado
demo_0097.jpg;Saudável;91.38;2026-09-03;Talhão C;Simulado
demo_0098.jpg;Saudável;86.18;2026-09-03;Talhão C;Simulado
demo_0099.jpg;Saudável;90.16;2026-09-03;Talhão C;Simulado
demo_0100.jpg;Saudável;92.46;2026-09-03;Talhão C;Simulado
demo_0101.jpg;Saudável;91.24;2026-09-03;Talhão C;Simulado
demo_0102.jpg;Saudável;89.89;2026-09-03;Talhão C;Simulado
demo_0103.jpg;Saudável;86.8;2026-09-03;Talhão C;Simulado
demo_0104.jpg;Saudável;96.95;2026-09-03;Talhão C;Simulado
demo_0105.jpg;Saudável;97.72;2026-09-03;Talhão C;Simulado
demo_0106.jpg;Saudável;99.31;2026-09-03;Talhão C;Simulado
demo_0107.jpg;Saudável;94.69;2026-09-03;Talhão C;Simulado
demo_0108.jpg;Saudável;96.75;2026-09-03;Talhão C;Simulado
demo_0109.jpg;Saudável;95.06;2026-09-04;Talhão A;Simulado
demo_0110.jpg;Saudável;90.28;2026-09-04;Talhão A;Simulado
demo_0111.jpg;Saudável;93.43;2026-09-04;Talhão A;Simulado
demo_0112.jpg;Saudável;93.08;2026-09-04;Talhão A;Simulado
demo_0113.jpg;Saudável;95.74;2026-09-04;Talhão A;Simulado
demo_0114.jpg;Saudável;93.52;2026-09-04;Talhão A;Simulado
demo_0115.jpg;Saudável;89.42;2026-09-04;Talhão A;Simulado
demo_0116.jpg;Saudável;93.34;2026-09-04;Talhão A;Simulado
demo_0117.jpg;Saudável;88.96;2026-09-04;Talhão A;Simulado
demo_0118.jpg;Saudável;87.57;2026-09-04;Talhão A;Simulado
demo_0119.jpg;Saudável;96.39;2026-09-04;Talhão A;Simulado
demo_0120.jpg;Saudável;87.78;2026-09-04;Talhão A;Simulado
demo_0121.jpg;Saudável;92.6;2026-09-04;Talhão B;Simulado
demo_0122.jpg;Saudável;97.56;2026-09-04;Talhão B;Simulado
demo_0123.jpg;Saudável;89.72;2026-09-04;Talhão B;Simulado
demo_0124.jpg;Saudável;85.94;2026-09-04;Talhão B;Simulado
demo_0125.jpg;Saudável;98.47;2026-09-04;Talhão B;Simulado
demo_0126.jpg;Saudável;91.22;2026-09-04;Talhão B;Simulado
demo_0127.jpg;Doente;80.03;2026-09-04;Talhão B;Simulado
demo_0128.jpg;Doente;80.58;2026-09-04;Talhão B;Simulado
demo_0129.jpg;Saudável;93.65;2026-09-04;Talhão B;Simulado
demo_0130.jpg;Saudável;90.25;2026-09-04;Talhão B;Simulado
demo_0131.jpg;Saudável;94.11;2026-09-04;Talhão B;Simulado
demo_0132.jpg;Saudável;94.23;2026-09-04;Talhão B;Simulado
demo_0133.jpg;Saudável;89.74;2026-09-04;Talhão C;Simulado
demo_0134.jpg;Saudável;91.94;2026-09-04;Talhão C;Simulado
demo_0135.jpg;Saudável;98.18;2026-09-04;Talhão C;Simulado
demo_0136.jpg;Saudável;97.92;2026-09-04;Talhão C;Simulado
demo_0137.jpg;Saudável;98.86;2026-09-04;Talhão C;Simulado
demo_0138.jpg;Saudável;99.21;2026-09-04;Talhão C;Simulado
demo_0139.jpg;Saudável;96.03;2026-09-04;Talhão C;Simulado
demo_0140.jpg;Saudável;85.35;2026-09-04;Talhão C;Simulado
demo_0141.jpg;Saudável;89.34;2026-09-04;Talhão C;Simulado
demo_0142.jpg;Saudável;97.0;2026-09-04;Talhão C;Simulado
demo_0143.jpg;Doente;94.13;2026-09-04;Talhão C;Simulado
demo_0144.jpg;Saudável;98.54;2026-09-04;Talhão C;Simulado
demo_0145.jpg;Saudável;90.14;2026-09-05;Talhão A;Simulado
demo_0146.jpg;Saudável;95.83;2026-09-05;Talhão A;Simulado
demo_0147.jpg;Saudável;94.28;2026-09-05;Talhão A;Simulado
demo_0148.jpg;Saudável;86.89;2026-09-05;Talhão A;Simulado
demo_0149.jpg;Saudável;94.72;2026-09-05;Talhão A;Simulado
demo_0150.jpg;Saudável;85.43;2026-09-05;Talhão A;Simulado
demo_0151.jpg;Saudável;90.34;2026-09-05;Talhão A;Simulado
demo_0152.jpg;Saudável;88.59;2026-09-05;Talhão A;Simulado
demo_0153.jpg;Saudável;88.29;2026-09-05;Talhão A;Simulado
demo_0154.jpg;Saudável;93.14;2026-09-05;Talhão A;Simulado
demo_0155.jpg;Saudável;99.02;2026-09-05;Talhão A;Simulado
demo_0156.jpg;Saudável;90.95;2026-09-05;Talhão A;Simulado
demo_0157.jpg;Saudável;87.22;2026-09-05;Talhão B;Simulado
demo_0158.jpg;Doente;83.81;2026-09-05;Talhão B;Simulado
demo_0159.jpg;Saudável;88.96;2026-09-05;Talhão B;Simulado
demo_0160.jpg;Saudável;99.16;2026-09-05;Talhão B;Simulado
demo_0161.jpg;Saudável;97.59;2026-09-05;Talhão B;Simulado
demo_0162.jpg;Saudável;94.75;2026-09-05;Talhão B;Simulado
demo_0163.jpg;Saudável;92.71;2026-09-05;Talhão B;Simulado
demo_0164.jpg;Saudável;94.5;2026-09-05;Talhão B;Simulado
demo_0165.jpg;Saudável;89.76;2026-09-05;Talhão B;Simulado
demo_0166.jpg;Saudável;85.17;2026-09-05;Talhão B;Simulado
demo_0167.jpg;Saudável;92.06;2026-09-05;Talhão B;Simulado
demo_0168.jpg;Saudável;95.19;2026-09-05;Talhão B;Simulado
demo_0169.jpg;Saudável;98.91;2026-09-05;Talhão C;Simulado
demo_0170.jpg;Saudável;90.99;2026-09-05;Talhão C;Simulado
demo_0171.jpg;Saudável;99.26;2026-09-05;Talhão C;Simulado
demo_0172.jpg;Saudável;97.44;2026-09-05;Talhão C;Simulado
demo_0173.jpg;Saudável;88.01;2026-09-05;Talhão C;Simulado
demo_0174.jpg;Saudável;94.56;2026-09-05;Talhão C;Simulado
demo_0175.jpg;Saudável;92.11;2026-09-05;Talhão C;Simulado
demo_0176.jpg;Saudável;93.71;2026-09-05;Talhão C;Simulado
demo_0177.jpg;Saudável;94.42;2026-09-05;Talhão C;Simulado
demo_0178.jpg;Doente;96.77;2026-09-05;Talhão C;Simulado
demo_0179.jpg;Saudável;97.21;2026-09-05;Talhão C;Simulado
demo_0180.jpg;Saudável;95.54;2026-09-05;Talhão C;Simulado
demo_0181.jpg;Saudável;94.59;2026-09-06;Talhão A;Simulado
demo_0182.jpg;Saudável;90.59;2026-09-06;Talhão A;Simulado
demo_0183.jpg;Saudável;87.07;2026-09-06;Talhão A;Simulado
demo_0184.jpg;Saudável;99.98;2026-09-06;Talhão A;Simulado
demo_0185.jpg;Doente;82.56;2026-09-06;Talhão A;Simulado
demo_0186.jpg;Saudável;93.74;2026-09-06;Talhão A;Simulado
demo_0187.jpg;Saudável;99.33;2026-09-06;Talhão A;Simulado
demo_0188.jpg;Saudável;99.45;2026-09-06;Talhão A;Simulado
demo_0189.jpg;Saudável;94.66;2026-09-06;Talhão A;Simulado
demo_0190.jpg;Saudável;92.63;2026-09-06;Talhão A;Simulado
demo_0191.jpg;Saudável;95.99;2026-09-06;Talhão A;Simulado
demo_0192.jpg;Saudável;88.92;2026-09-06;Talhão A;Simulado
demo_0193.jpg;Doente;90.45;2026-09-06;Talhão B;Simulado
demo_0194.jpg;Saudável;87.43;2026-09-06;Talhão B;Simulado
demo_0195.jpg;Saudável;93.12;2026-09-06;Talhão B;Simulado
demo_0196.jpg;Saudável;99.59;2026-09-06;Talhão B;Simulado
demo_0197.jpg;Saudável;96.21;2026-09-06;Talhão B;Simulado
demo_0198.jpg;Doente;90.72;2026-09-06;Talhão B;Simulado
demo_0199.jpg;Saudável;91.34;2026-09-06;Talhão B;Simulado
demo_0200.jpg;Saudável;98.53;2026-09-06;Talhão B;Simulado
demo_0201.jpg;Saudável;99.95;2026-09-06;Talhão B;Simulado
demo_0202.jpg;Saudável;92.74;2026-09-06;Talhão B;Simulado
demo_0203.jpg;Saudável;93.09;2026-09-06;Talhão B;Simulado
demo_0204.jpg;Saudável;98.31;2026-09-06;Talhão B;Simulado
demo_0205.jpg;Saudável;98.23;2026-09-06;Talhão C;Simulado
demo_0206.jpg;Saudável;85.03;2026-09-06;Talhão C;Simulado
demo_0207.jpg;Saudável;90.52;2026-09-06;Talhão C;Simulado
demo_0208.jpg;Saudável;87.31;2026-09-06;Talhão C;Simulado
demo_0209.jpg;Saudável;86.9;2026-09-06;Talhão C;Simulado
demo_0210.jpg;Saudável;92.27;2026-09-06;Talhão C;Simulado
demo_0211.jpg;Saudável;95.9;2026-09-06;Talhão C;Simulado
demo_0212.jpg;Saudável;94.25;2026-09-06;Talhão C;Simulado
demo_0213.jpg;Saudável;90.22;2026-09-06;Talhão C;Simulado
demo_0214.jpg;Saudável;86.81;2026-09-06;Talhão C;Simulado
demo_0215.jpg;Saudável;97.43;2026-09-06;Talhão C;Simulado
demo_0216.jpg;Saudável;91.84;2026-09-06;Talhão C;Simulado
demo_0217.jpg;Saudável;86.24;2026-09-07;Talhão A;Simulado
demo_0218.jpg;Saudável;86.32;2026-09-07;Talhão A;Simulado
demo_0219.jpg;Saudável;89.68;2026-09-07;Talhão A;Simulado
demo_0220.jpg;Saudável;88.39;2026-09-07;Talhão A;Simulado
demo_0221.jpg;Saudável;92.59;2026-09-07;Talhão A;Simulado
demo_0222.jpg;Saudável;98.61;2026-09-07;Talhão A;Simulado
demo_0223.jpg;Saudável;97.86;2026-09-07;Talhão A;Simulado
demo_0224.jpg;Saudável;87.65;2026-09-07;Talhão A;Simulado
demo_0225.jpg;Saudável;88.3;2026-09-07;Talhão A;Simulado
demo_0226.jpg;Saudável;90.23;2026-09-07;Talhão A;Simulado
demo_0227.jpg;Saudável;91.15;2026-09-07;Talhão A;Simulado
demo_0228.jpg;Saudável;90.72;2026-09-07;Talhão A;Simulado
demo_0229.jpg;Saudável;96.15;2026-09-07;Talhão B;Simulado
demo_0230.jpg;Saudável;86.91;2026-09-07;Talhão B;Simulado
demo_0231.jpg;Saudável;97.53;2026-09-07;Talhão B;Simulado
demo_0232.jpg;Saudável;97.62;2026-09-07;Talhão B;Simulado
demo_0233.jpg;Saudável;87.18;2026-09-07;Talhão B;Simulado
demo_0234.jpg;Saudável;88.51;2026-09-07;Talhão B;Simulado
demo_0235.jpg;Saudável;93.42;2026-09-07;Talhão B;Simulado
demo_0236.jpg;Saudável;89.4;2026-09-07;Talhão B;Simulado
demo_0237.jpg;Saudável;91.02;2026-09-07;Talhão B;Simulado
demo_0238.jpg;Doente;93.05;2026-09-07;Talhão B;Simulado
demo_0239.jpg;Saudável;90.05;2026-09-07;Talhão B;Simulado
demo_0240.jpg;Saudável;98.84;2026-09-07;Talhão B;Simulado
demo_0241.jpg;Saudável;97.71;2026-09-07;Talhão C;Simulado
demo_0242.jpg;Saudável;95.01;2026-09-07;Talhão C;Simulado
demo_0243.jpg;Saudável;88.15;2026-09-07;Talhão C;Simulado
demo_0244.jpg;Saudável;89.96;2026-09-07;Talhão C;Simulado
demo_0245.jpg;Saudável;95.87;2026-09-07;Talhão C;Simulado
demo_0246.jpg;Doente;89.74;2026-09-07;Talhão C;Simulado
demo_0247.jpg;Saudável;90.01;2026-09-07;Talhão C;Simulado
demo_0248.jpg;Saudável;91.22;2026-09-07;Talhão C;Simulado
demo_0249.jpg;Saudável;92.14;2026-09-07;Talhão C;Simulado
demo_0250.jpg;Saudável;90.08;2026-09-07;Talhão C;Simulado
demo_0251.jpg;Doente;82.62;2026-09-07;Talhão C;Simulado
demo_0252.jpg;Doente;95.89;2026-09-07;Talhão C;Simulado
demo_0253.jpg;Saudável;85.27;2026-09-08;Talhão A;Simulado
demo_0254.jpg;Saudável;91.86;2026-09-08;Talhão A;Simulado
demo_0255.jpg;Saudável;94.45;2026-09-08;Talhão A;Simulado
demo_0256.jpg;Doente;92.54;2026-09-08;Talhão A;Simulado
demo_0257.jpg;Saudável;85.17;2026-09-08;Talhão A;Simulado
demo_0258.jpg;Saudável;89.95;2026-09-08;Talhão A;Simulado
demo_0259.jpg;Saudável;91.95;2026-09-08;Talhão A;Simulado
demo_0260.jpg;Saudável;87.56;2026-09-08;Talhão A;Simulado
demo_0261.jpg;Saudável;93.51;2026-09-08;Talhão A;Simulado
demo_0262.jpg;Saudável;95.22;2026-09-08;Talhão A;Simulado
demo_0263.jpg;Saudável;86.62;2026-09-08;Talhão A;Simulado
demo_0264.jpg;Saudável;91.29;2026-09-08;Talhão A;Simulado
demo_0265.jpg;Saudável;96.01;2026-09-08;Talhão B;Simulado
demo_0266.jpg;Saudável;99.83;2026-09-08;Talhão B;Simulado
demo_0267.jpg;Saudável;94.87;2026-09-08;Talhão B;Simulado
demo_0268.jpg;Saudável;90.21;2026-09-08;Talhão B;Simulado
demo_0269.jpg;Saudável;88.83;2026-09-08;Talhão B;Simulado
demo_0270.jpg;Saudável;97.58;2026-09-08;Talhão B;Simulado
demo_0271.jpg;Doente;88.29;2026-09-08;Talhão B;Simulado
demo_0272.jpg;Doente;94.99;2026-09-08;Talhão B;Simulado
demo_0273.jpg;Saudável;96.32;2026-09-08;Talhão B;Simulado
demo_0274.jpg;Saudável;89.1;2026-09-08;Talhão B;Simulado
demo_0275.jpg;Saudável;91.0;2026-09-08;Talhão B;Simulado
demo_0276.jpg;Saudável;85.81;2026-09-08;Talhão B;Simulado
demo_0277.jpg;Saudável;85.97;2026-09-08;Talhão C;Simulado
demo_0278.jpg;Saudável;94.92;2026-09-08;Talhão C;Simulado
demo_0279.jpg;Saudável;96.49;2026-09-08;Talhão C;Simulado
demo_0280.jpg;Saudável;92.24;2026-09-08;Talhão C;Simulado
demo_0281.jpg;Doente;88.7;2026-09-08;Talhão C;Simulado
demo_0282.jpg;Saudável;89.88;2026-09-08;Talhão C;Simulado
demo_0283.jpg;Saudável;90.09;2026-09-08;Talhão C;Simulado
demo_0284.jpg;Saudável;99.83;2026-09-08;Talhão C;Simulado
demo_0285.jpg;Saudável;87.62;2026-09-08;Talhão C;Simulado
demo_0286.jpg;Saudável;99.21;2026-09-08;Talhão C;Simulado
demo_0287.jpg;Saudável;92.81;2026-09-08;Talhão C;Simulado
demo_0288.jpg;Saudável;86.6;2026-09-08;Talhão C;Simulado
demo_0289.jpg;Saudável;88.22;2026-09-09;Talhão A;Simulado
demo_0290.jpg;Saudável;88.15;2026-09-09;Talhão A;Simulado
demo_0291.jpg;Saudável;92.9;2026-09-09;Talhão A;Simulado
demo_0292.jpg;Saudável;96.88;2026-09-09;Talhão A;Simulado
demo_0293.jpg;Saudável;98.11;2026-09-09;Talhão A;Simulado
demo_0294.jpg;Saudável;93.38;2026-09-09;Talhão A;Simulado
demo_0295.jpg;Saudável;89.89;2026-09-09;Talhão A;Simulado
demo_0296.jpg;Saudável;90.88;2026-09-09;Talhão A;Simulado
demo_0297.jpg;Saudável;93.09;2026-09-09;Talhão A;Simulado
demo_0298.jpg;Saudável;93.27;2026-09-09;Talhão A;Simulado
demo_0299.jpg;Saudável;95.93;2026-09-09;Talhão A;Simulado
demo_0300.jpg;Saudável;97.24;2026-09-09;Talhão A;Simulado
demo_0301.jpg;Saudável;85.92;2026-09-09;Talhão B;Simulado
demo_0302.jpg;Saudável;85.52;2026-09-09;Talhão B;Simulado
demo_0303.jpg;Saudável;99.11;2026-09-09;Talhão B;Simulado
demo_0304.jpg;Saudável;89.01;2026-09-09;Talhão B;Simulado
demo_0305.jpg;Saudável;90.35;2026-09-09;Talhão B;Simulado
demo_0306.jpg;Saudável;87.8;2026-09-09;Talhão B;Simulado
demo_0307.jpg;Doente;81.9;2026-09-09;Talhão B;Simulado
demo_0308.jpg;Saudável;94.62;2026-09-09;Talhão B;Simulado
demo_0309.jpg;Saudável;93.19;2026-09-09;Talhão B;Simulado
demo_0310.jpg;Doente;82.64;2026-09-09;Talhão B;Simulado
demo_0311.jpg;Saudável;93.14;2026-09-09;Talhão B;Simulado
demo_0312.jpg;Saudável;96.21;2026-09-09;Talhão B;Simulado
demo_0313.jpg;Doente;84.81;2026-09-09;Talhão C;Simulado
demo_0314.jpg;Saudável;85.6;2026-09-09;Talhão C;Simulado
demo_0315.jpg;Doente;79.99;2026-09-09;Talhão C;Simulado
demo_0316.jpg;Saudável;95.57;2026-09-09;Talhão C;Simulado
demo_0317.jpg;Saudável;88.86;2026-09-09;Talhão C;Simulado
demo_0318.jpg;Saudável;87.46;2026-09-09;Talhão C;Simulado
demo_0319.jpg;Saudável;97.25;2026-09-09;Talhão C;Simulado
demo_0320.jpg;Saudável;91.5;2026-09-09;Talhão C;Simulado
demo_0321.jpg;Saudável;87.56;2026-09-09;Talhão C;Simulado
demo_0322.jpg;Saudável;99.52;2026-09-09;Talhão C;Simulado
demo_0323.jpg;Saudável;87.38;2026-09-09;Talhão C;Simulado
demo_0324.jpg;Saudável;91.33;2026-09-09;Talhão C;Simulado
demo_0325.jpg;Saudável;97.84;2026-09-10;Talhão A;Simulado
demo_0326.jpg;Saudável;99.53;2026-09-10;Talhão A;Simulado
demo_0327.jpg;Saudável;91.61;2026-09-10;Talhão A;Simulado
demo_0328.jpg;Saudável;94.1;2026-09-10;Talhão A;Simulado
demo_0329.jpg;Saudável;98.45;2026-09-10;Talhão A;Simulado
demo_0330.jpg;Saudável;86.74;2026-09-10;Talhão A;Simulado
demo_0331.jpg;Doente;93.01;2026-09-10;Talhão A;Simulado
demo_0332.jpg;Saudável;87.37;2026-09-10;Talhão A;Simulado
demo_0333.jpg;Saudável;94.62;2026-09-10;Talhão A;Simulado
demo_0334.jpg;Saudável;99.22;2026-09-10;Talhão A;Simulado
demo_0335.jpg;Saudável;85.46;2026-09-10;Talhão A;Simulado
demo_0336.jpg;Saudável;94.72;2026-09-10;Talhão A;Simulado
demo_0337.jpg;Saudável;96.84;2026-09-10;Talhão B;Simulado
demo_0338.jpg;Saudável;90.48;2026-09-10;Talhão B;Simulado
demo_0339.jpg;Doente;88.94;2026-09-10;Talhão B;Simulado
demo_0340.jpg;Saudável;97.61;2026-09-10;Talhão B;Simulado
demo_0341.jpg;Saudável;87.07;2026-09-10;Talhão B;Simulado
demo_0342.jpg;Saudável;93.39;2026-09-10;Talhão B;Simulado
demo_0343.jpg;Saudável;91.84;2026-09-10;Talhão B;Simulado
demo_0344.jpg;Saudável;93.9;2026-09-10;Talhão B;Simulado
demo_0345.jpg;Saudável;95.05;2026-09-10;Talhão B;Simulado
demo_0346.jpg;Saudável;88.82;2026-09-10;Talhão B;Simulado
demo_0347.jpg;Saudável;91.91;2026-09-10;Talhão B;Simulado
demo_0348.jpg;Saudável;97.39;2026-09-10;Talhão B;Simulado
demo_0349.jpg;Saudável;92.95;2026-09-10;Talhão C;Simulado
demo_0350.jpg;Doente;83.8;2026-09-10;Talhão C;Simulado
demo_0351.jpg;Doente;90.39;2026-09-10;Talhão C;Simulado
demo_0352.jpg;Doente;97.37;2026-09-10;Talhão C;Simulado
demo_0353.jpg;Saudável;90.79;2026-09-10;Talhão C;Simulado
demo_0354.jpg;Saudável;93.62;2026-09-10;Talhão C;Simulado
demo_0355.jpg;Saudável;92.18;2026-09-10;Talhão C;Simulado
demo_0356.jpg;Doente;96.86;2026-09-10;Talhão C;Simulado
demo_0357.jpg;Doente;80.21;2026-09-10;Talhão C;Simulado
demo_0358.jpg;Doente;89.23;2026-09-10;Talhão C;Simulado
demo_0359.jpg;Saudável;99.58;2026-09-10;Talhão C;Simulado
demo_0360.jpg;Saudável;86.07;2026-09-10;Talhão C;Simulado
demo_0361.jpg;Saudável;86.8;2026-09-11;Talhão A;Simulado
demo_0362.jpg;Saudável;98.58;2026-09-11;Talhão A;Simulado
demo_0363.jpg;Saudável;89.61;2026-09-11;Talhão A;Simulado
demo_0364.jpg;Saudável;89.83;2026-09-11;Talhão A;Simulado
demo_0365.jpg;Saudável;95.36;2026-09-11;Talhão A;Simulado
demo_0366.jpg;Saudável;92.71;2026-09-11;Talhão A;Simulado
demo_0367.jpg;Saudável;91.28;2026-09-11;Talhão A;Simulado
demo_0368.jpg;Saudável;93.94;2026-09-11;Talhão A;Simulado
demo_0369.jpg;Saudável;96.53;2026-09-11;Talhão A;Simulado
demo_0370.jpg;Saudável;93.86;2026-09-11;Talhão A;Simulado
demo_0371.jpg;Saudável;85.25;2026-09-11;Talhão A;Simulado
demo_0372.jpg;Saudável;90.77;2026-09-11;Talhão A;Simulado
demo_0373.jpg;Doente;87.77;2026-09-11;Talhão B;Simulado
demo_0374.jpg;Doente;83.06;2026-09-11;Talhão B;Simulado
demo_0375.jpg;Saudável;89.01;2026-09-11;Talhão B;Simulado
demo_0376.jpg;Saudável;96.03;2026-09-11;Talhão B;Simulado
demo_0377.jpg;Doente;90.65;2026-09-11;Talhão B;Simulado
demo_0378.jpg;Saudável;99.3;2026-09-11;Talhão B;Simulado
demo_0379.jpg;Doente;85.74;2026-09-11;Talhão B;Simulado
demo_0380.jpg;Doente;79.6;2026-09-11;Talhão B;Simulado
demo_0381.jpg;Doente;86.51;2026-09-11;Talhão B;Simulado
demo_0382.jpg;Doente;80.22;2026-09-11;Talhão B;Simulado
demo_0383.jpg;Saudável;91.01;2026-09-11;Talhão B;Simulado
demo_0384.jpg;Doente;82.13;2026-09-11;Talhão B;Simulado
demo_0385.jpg;Saudável;97.01;2026-09-11;Talhão C;Simulado
demo_0386.jpg;Saudável;98.68;2026-09-11;Talhão C;Simulado
demo_0387.jpg;Doente;81.52;2026-09-11;Talhão C;Simulado
demo_0388.jpg;Saudável;88.28;2026-09-11;Talhão C;Simulado
demo_0389.jpg;Saudável;97.05;2026-09-11;Talhão C;Simulado
demo_0390.jpg;Saudável;98.49;2026-09-11;Talhão C;Simulado
demo_0391.jpg;Saudável;85.53;2026-09-11;Talhão C;Simulado
demo_0392.jpg;Saudável;99.68;2026-09-11;Talhão C;Simulado
demo_0393.jpg;Saudável;97.61;2026-09-11;Talhão C;Simulado
demo_0394.jpg;Saudável;99.01;2026-09-11;Talhão C;Simulado
demo_0395.jpg;Saudável;98.53;2026-09-11;Talhão C;Simulado
demo_0396.jpg;Saudável;94.76;2026-09-11;Talhão C;Simulado
demo_0397.jpg;Saudável;85.71;2026-09-12;Talhão A;Simulado
demo_0398.jpg;Saudável;94.78;2026-09-12;Talhão A;Simulado
demo_0399.jpg;Saudável;85.11;2026-09-12;Talhão A;Simulado
demo_0400.jpg;Saudável;85.65;2026-09-12;Talhão A;Simulado
demo_0401.jpg;Saudável;86.07;2026-09-12;Talhão A;Simulado
demo_0402.jpg;Saudável;93.2;2026-09-12;Talhão A;Simulado
demo_0403.jpg;Saudável;92.75;2026-09-12;Talhão A;Simulado
demo_0404.jpg;Saudável;92.43;2026-09-12;Talhão A;Simulado
demo_0405.jpg;Doente;85.39;2026-09-12;Talhão A;Simulado
demo_0406.jpg;Saudável;91.96;2026-09-12;Talhão A;Simulado
demo_0407.jpg;Saudável;85.23;2026-09-12;Talhão A;Simulado
demo_0408.jpg;Saudável;86.34;2026-09-12;Talhão A;Simulado
demo_0409.jpg;Saudável;87.68;2026-09-12;Talhão B;Simulado
demo_0410.jpg;Doente;89.74;2026-09-12;Talhão B;Simulado
demo_0411.jpg;Saudável;90.06;2026-09-12;Talhão B;Simulado
demo_0412.jpg;Doente;91.57;2026-09-12;Talhão B;Simulado
demo_0413.jpg;Doente;79.94;2026-09-12;Talhão B;Simulado
demo_0414.jpg;Doente;93.7;2026-09-12;Talhão B;Simulado
demo_0415.jpg;Doente;97.75;2026-09-12;Talhão B;Simulado
demo_0416.jpg;Saudável;96.68;2026-09-12;Talhão B;Simulado
demo_0417.jpg;Saudável;92.12;2026-09-12;Talhão B;Simulado
demo_0418.jpg;Saudável;95.3;2026-09-12;Talhão B;Simulado
demo_0419.jpg;Doente;88.39;2026-09-12;Talhão B;Simulado
demo_0420.jpg;Doente;78.03;2026-09-12;Talhão B;Simulado
demo_0421.jpg;Saudável;99.49;2026-09-12;Talhão C;Simulado
demo_0422.jpg;Saudável;91.28;2026-09-12;Talhão C;Simulado
demo_0423.jpg;Saudável;92.68;2026-09-12;Talhão C;Simulado
demo_0424.jpg;Saudável;96.14;2026-09-12;Talhão C;Simulado
demo_0425.jpg;Saudável;94.75;2026-09-12;Talhão C;Simulado
demo_0426.jpg;Saudável;90.66;2026-09-12;Talhão C;Simulado
demo_0427.jpg;Saudável;89.56;2026-09-12;Talhão C;Simulado
demo_0428.jpg;Saudável;95.2;2026-09-12;Talhão C;Simulado
demo_0429.jpg;Saudável;89.6;2026-09-12;Talhão C;Simulado
demo_0430.jpg;Saudável;99.59;2026-09-12;Talhão C;Simulado
demo_0431.jpg;Saudável;96.04;2026-09-12;Talhão C;Simulado
demo_0432.jpg;Saudável;93.85;2026-09-12;Talhão C;Simulado
demo_0433.jpg;Saudável;92.07;2026-09-13;Talhão A;Simulado
demo_0434.jpg;Saudável;94.11;2026-09-13;Talhão A;Simulado
demo_0435.jpg;Saudável;94.93;2026-09-13;Talhão A;Simulado
demo_0436.jpg;Saudável;86.91;2026-09-13;Talhão A;Simulado
demo_0437.jpg;Saudável;89.67;2026-09-13;Talhão A;Simulado
demo_0438.jpg;Saudável;88.78;2026-09-13;Talhão A;Simulado
demo_0439.jpg;Saudável;89.43;2026-09-13;Talhão A;Simulado
demo_0440.jpg;Saudável;94.5;2026-09-13;Talhão A;Simulado
demo_0441.jpg;Doente;90.33;2026-09-13;Talhão A;Simulado
demo_0442.jpg;Saudável;97.48;2026-09-13;Talhão A;Simulado
demo_0443.jpg;Saudável;86.02;2026-09-13;Talhão A;Simulado
demo_0444.jpg;Saudável;89.11;2026-09-13;Talhão A;Simulado
demo_0445.jpg;Saudável;95.92;2026-09-13;Talhão B;Simulado
demo_0446.jpg;Saudável;88.76;2026-09-13;Talhão B;Simulado
demo_0447.jpg;Saudável;91.16;2026-09-13;Talhão B;Simulado
demo_0448.jpg;Doente;84.58;2026-09-13;Talhão B;Simulado
demo_0449.jpg;Doente;90.86;2026-09-13;Talhão B;Simulado
demo_0450.jpg;Doente;82.48;2026-09-13;Talhão B;Simulado
demo_0451.jpg;Saudável;95.69;2026-09-13;Talhão B;Simulado
demo_0452.jpg;Saudável;91.05;2026-09-13;Talhão B;Simulado
demo_0453.jpg;Saudável;94.97;2026-09-13;Talhão B;Simulado
demo_0454.jpg;Doente;80.13;2026-09-13;Talhão B;Simulado
demo_0455.jpg;Doente;90.63;2026-09-13;Talhão B;Simulado
demo_0456.jpg;Saudável;90.92;2026-09-13;Talhão B;Simulado
demo_0457.jpg;Saudável;89.54;2026-09-13;Talhão C;Simulado
demo_0458.jpg;Saudável;99.56;2026-09-13;Talhão C;Simulado
demo_0459.jpg;Saudável;90.21;2026-09-13;Talhão C;Simulado
demo_0460.jpg;Saudável;88.64;2026-09-13;Talhão C;Simulado
demo_0461.jpg;Saudável;85.56;2026-09-13;Talhão C;Simulado
demo_0462.jpg;Saudável;87.93;2026-09-13;Talhão C;Simulado
demo_0463.jpg;Doente;87.04;2026-09-13;Talhão C;Simulado
demo_0464.jpg;Saudável;91.67;2026-09-13;Talhão C;Simulado
demo_0465.jpg;Saudável;92.45;2026-09-13;Talhão C;Simulado
demo_0466.jpg;Doente;84.45;2026-09-13;Talhão C;Simulado
demo_0467.jpg;Doente;90.53;2026-09-13;Talhão C;Simulado
demo_0468.jpg;Saudável;89.47;2026-09-13;Talhão C;Simulado
demo_0469.jpg;Saudável;99.76;2026-09-14;Talhão A;Simulado
demo_0470.jpg;Saudável;93.02;2026-09-14;Talhão A;Simulado
demo_0471.jpg;Saudável;99.2;2026-09-14;Talhão A;Simulado
demo_0472.jpg;Saudável;94.97;2026-09-14;Talhão A;Simulado
demo_0473.jpg;Saudável;92.59;2026-09-14;Talhão A;Simulado
demo_0474.jpg;Saudável;90.26;2026-09-14;Talhão A;Simulado
demo_0475.jpg;Saudável;88.31;2026-09-14;Talhão A;Simulado
demo_0476.jpg;Saudável;91.44;2026-09-14;Talhão A;Simulado
demo_0477.jpg;Saudável;98.64;2026-09-14;Talhão A;Simulado
demo_0478.jpg;Saudável;97.01;2026-09-14;Talhão A;Simulado
demo_0479.jpg;Saudável;90.67;2026-09-14;Talhão A;Simulado
demo_0480.jpg;Saudável;97.98;2026-09-14;Talhão A;Simulado
demo_0481.jpg;Doente;82.96;2026-09-14;Talhão B;Simulado
demo_0482.jpg;Doente;90.97;2026-09-14;Talhão B;Simulado
demo_0483.jpg;Doente;95.1;2026-09-14;Talhão B;Simulado
demo_0484.jpg;Doente;81.98;2026-09-14;Talhão B;Simulado
demo_0485.jpg;Doente;79.78;2026-09-14;Talhão B;Simulado
demo_0486.jpg;Doente;82.56;2026-09-14;Talhão B;Simulado
demo_0487.jpg;Doente;90.63;2026-09-14;Talhão B;Simulado
demo_0488.jpg;Saudável;99.9;2026-09-14;Talhão B;Simulado
demo_0489.jpg;Saudável;91.25;2026-09-14;Talhão B;Simulado
demo_0490.jpg;Doente;96.85;2026-09-14;Talhão B;Simulado
demo_0491.jpg;Doente;79.39;2026-09-14;Talhão B;Simulado
demo_0492.jpg;Doente;81.16;2026-09-14;Talhão B;Simulado
demo_0493.jpg;Saudável;86.49;2026-09-14;Talhão C;Simulado
demo_0494.jpg;Doente;95.19;2026-09-14;Talhão C;Simulado
demo_0495.jpg;Saudável;93.32;2026-09-14;Talhão C;Simulado
demo_0496.jpg;Saudável;93.92;2026-09-14;Talhão C;Simulado
demo_0497.jpg;Doente;85.28;2026-09-14;Talhão C;Simulado
demo_0498.jpg;Doente;87.79;2026-09-14;Talhão C;Simulado
demo_0499.jpg;Saudável;86.49;2026-09-14;Talhão C;Simulado
demo_0500.jpg;Saudável;96.93;2026-09-14;Talhão C;Simulado
demo_0501.jpg;Saudável;99.21;2026-09-14;Talhão C;Simulado
demo_0502.jpg;Doente;92.4;2026-09-14;Talhão C;Simulado
demo_0503.jpg;Saudável;99.87;2026-09-14;Talhão C;Simulado
demo_0504.jpg;Saudável;85.92;2026-09-14;Talhão C;Simulado
demo_0505.jpg;Saudável;96.21;2026-09-15;Talhão A;Simulado
demo_0506.jpg;Saudável;91.11;2026-09-15;Talhão A;Simulado
demo_0507.jpg;Saudável;86.03;2026-09-15;Talhão A;Simulado
demo_0508.jpg;Saudável;92.86;2026-09-15;Talhão A;Simulado
demo_0509.jpg;Saudável;90.25;2026-09-15;Talhão A;Simulado
demo_0510.jpg;Saudável;97.85;2026-09-15;Talhão A;Simulado
demo_0511.jpg;Saudável;96.87;2026-09-15;Talhão A;Simulado
demo_0512.jpg;Saudável;97.02;2026-09-15;Talhão A;Simulado
demo_0513.jpg;Saudável;95.42;2026-09-15;Talhão A;Simulado
demo_0514.jpg;Saudável;96.29;2026-09-15;Talhão A;Simulado
demo_0515.jpg;Saudável;94.51;2026-09-15;Talhão A;Simulado
demo_0516.jpg;Saudável;94.27;2026-09-15;Talhão A;Simulado
demo_0517.jpg;Doente;96.01;2026-09-15;Talhão B;Simulado
demo_0518.jpg;Saudável;89.66;2026-09-15;Talhão B;Simulado
demo_0519.jpg;Saudável;94.07;2026-09-15;Talhão B;Simulado
demo_0520.jpg;Doente;86.8;2026-09-15;Talhão B;Simulado
demo_0521.jpg;Doente;90.8;2026-09-15;Talhão B;Simulado
demo_0522.jpg;Doente;84.09;2026-09-15;Talhão B;Simulado
demo_0523.jpg;Saudável;98.04;2026-09-15;Talhão B;Simulado
demo_0524.jpg;Doente;97.58;2026-09-15;Talhão B;Simulado
demo_0525.jpg;Saudável;91.63;2026-09-15;Talhão B;Simulado
demo_0526.jpg;Doente;88.86;2026-09-15;Talhão B;Simulado
demo_0527.jpg;Saudável;89.67;2026-09-15;Talhão B;Simulado
demo_0528.jpg;Saudável;88.7;2026-09-15;Talhão B;Simulado
demo_0529.jpg;Saudável;94.01;2026-09-15;Talhão C;Simulado
demo_0530.jpg;Saudável;89.77;2026-09-15;Talhão C;Simulado
demo_0531.jpg;Saudável;94.57;2026-09-15;Talhão C;Simulado
demo_0532.jpg;Saudável;91.09;2026-09-15;Talhão C;Simulado
demo_0533.jpg;Saudável;91.93;2026-09-15;Talhão C;Simulado
demo_0534.jpg;Saudável;86.6;2026-09-15;Talhão C;Simulado
demo_0535.jpg;Saudável;97.36;2026-09-15;Talhão C;Simulado
demo_0536.jpg;Saudável;95.2;2026-09-15;Talhão C;Simulado
demo_0537.jpg;Saudável;93.54;2026-09-15;Talhão C;Simulado
demo_0538.jpg;Saudável;96.41;2026-09-15;Talhão C;Simulado
demo_0539.jpg;Saudável;90.26;2026-09-15;Talhão C;Simulado
demo_0540.jpg;Saudável;92.2;2026-09-15;Talhão C;Simulado
demo_0541.jpg;Saudável;91.99;2026-09-16;Talhão A;Simulado
demo_0542.jpg;Saudável;97.96;2026-09-16;Talhão A;Simulado
demo_0543.jpg;Saudável;99.63;2026-09-16;Talhão A;Simulado
demo_0544.jpg;Saudável;86.74;2026-09-16;Talhão A;Simulado
demo_0545.jpg;Saudável;88.92;2026-09-16;Talhão A;Simulado
demo_0546.jpg;Saudável;97.97;2026-09-16;Talhão A;Simulado
demo_0547.jpg;Saudável;85.03;2026-09-16;Talhão A;Simulado
demo_0548.jpg;Saudável;86.17;2026-09-16;Talhão A;Simulado
demo_0549.jpg;Saudável;95.63;2026-09-16;Talhão A;Simulado
demo_0550.jpg;Saudável;99.42;2026-09-16;Talhão A;Simulado
demo_0551.jpg;Saudável;86.55;2026-09-16;Talhão A;Simulado
demo_0552.jpg;Saudável;92.74;2026-09-16;Talhão A;Simulado
demo_0553.jpg;Doente;84.07;2026-09-16;Talhão B;Simulado
demo_0554.jpg;Doente;86.79;2026-09-16;Talhão B;Simulado
demo_0555.jpg;Doente;98.96;2026-09-16;Talhão B;Simulado
demo_0556.jpg;Saudável;96.91;2026-09-16;Talhão B;Simulado
demo_0557.jpg;Doente;90.38;2026-09-16;Talhão B;Simulado
demo_0558.jpg;Saudável;90.82;2026-09-16;Talhão B;Simulado
demo_0559.jpg;Doente;98.37;2026-09-16;Talhão B;Simulado
demo_0560.jpg;Doente;78.5;2026-09-16;Talhão B;Simulado
demo_0561.jpg;Saudável;89.31;2026-09-16;Talhão B;Simulado
demo_0562.jpg;Saudável;93.35;2026-09-16;Talhão B;Simulado
demo_0563.jpg;Saudável;91.62;2026-09-16;Talhão B;Simulado
demo_0564.jpg;Saudável;91.22;2026-09-16;Talhão B;Simulado
demo_0565.jpg;Doente;91.43;2026-09-16;Talhão C;Simulado
demo_0566.jpg;Saudável;87.47;2026-09-16;Talhão C;Simulado
demo_0567.jpg;Saudável;85.73;2026-09-16;Talhão C;Simulado
demo_0568.jpg;Saudável;93.61;2026-09-16;Talhão C;Simulado
demo_0569.jpg;Saudável;91.62;2026-09-16;Talhão C;Simulado
demo_0570.jpg;Saudável;96.77;2026-09-16;Talhão C;Simulado
demo_0571.jpg;Saudável;96.71;2026-09-16;Talhão C;Simulado
demo_0572.jpg;Saudável;91.45;2026-09-16;Talhão C;Simulado
demo_0573.jpg;Saudável;96.11;2026-09-16;Talhão C;Simulado
demo_0574.jpg;Saudável;87.26;2026-09-16;Talhão C;Simulado
demo_0575.jpg;Saudável;96.44;2026-09-16;Talhão C;Simulado
demo_0576.jpg;Saudável;85.47;2026-09-16;Talhão C;Simulado
demo_0577.jpg;Saudável;91.99;2026-09-17;Talhão A;Simulado
demo_0578.jpg;Doente;86.21;2026-09-17;Talhão A;Simulado
demo_0579.jpg;Doente;98.88;2026-09-17;Talhão A;Simulado
demo_0580.jpg;Saudável;95.05;2026-09-17;Talhão A;Simulado
demo_0581.jpg;Saudável;88.28;2026-09-17;Talhão A;Simulado
demo_0582.jpg;Saudável;86.39;2026-09-17;Talhão A;Simulado
demo_0583.jpg;Saudável;86.67;2026-09-17;Talhão A;Simulado
demo_0584.jpg;Saudável;95.35;2026-09-17;Talhão A;Simulado
demo_0585.jpg;Saudável;90.22;2026-09-17;Talhão A;Simulado
demo_0586.jpg;Saudável;87.07;2026-09-17;Talhão A;Simulado
demo_0587.jpg;Saudável;93.28;2026-09-17;Talhão A;Simulado
demo_0588.jpg;Saudável;90.86;2026-09-17;Talhão A;Simulado
demo_0589.jpg;Doente;87.89;2026-09-17;Talhão B;Simulado
demo_0590.jpg;Doente;93.96;2026-09-17;Talhão B;Simulado
demo_0591.jpg;Saudável;92.11;2026-09-17;Talhão B;Simulado
demo_0592.jpg;Saudável;93.93;2026-09-17;Talhão B;Simulado
demo_0593.jpg;Doente;84.03;2026-09-17;Talhão B;Simulado
demo_0594.jpg;Saudável;93.02;2026-09-17;Talhão B;Simulado
demo_0595.jpg;Saudável;90.18;2026-09-17;Talhão B;Simulado
demo_0596.jpg;Saudável;95.78;2026-09-17;Talhão B;Simulado
demo_0597.jpg;Doente;97.36;2026-09-17;Talhão B;Simulado
demo_0598.jpg;Saudável;87.28;2026-09-17;Talhão B;Simulado
demo_0599.jpg;Doente;96.68;2026-09-17;Talhão B;Simulado
demo_0600.jpg;Saudável;95.71;2026-09-17;Talhão B;Simulado
demo_0601.jpg;Saudável;86.85;2026-09-17;Talhão C;Simulado
demo_0602.jpg;Saudável;97.33;2026-09-17;Talhão C;Simulado
demo_0603.jpg;Doente;84.64;2026-09-17;Talhão C;Simulado
demo_0604.jpg;Saudável;99.57;2026-09-17;Talhão C;Simulado
demo_0605.jpg;Saudável;97.5;2026-09-17;Talhão C;Simulado
demo_0606.jpg;Saudável;89.37;2026-09-17;Talhão C;Simulado
demo_0607.jpg;Saudável;98.14;2026-09-17;Talhão C;Simulado
demo_0608.jpg;Saudável;99.06;2026-09-17;Talhão C;Simulado
demo_0609.jpg;Doente;98.67;2026-09-17;Talhão C;Simulado
demo_0610.jpg;Saudável;94.39;2026-09-17;Talhão C;Simulado
demo_0611.jpg;Saudável;88.8;2026-09-17;Talhão C;Simulado
demo_0612.jpg;Saudável;97.57;2026-09-17;Talhão C;Simulado
demo_0613.jpg;Saudável;93.11;2026-09-18;Talhão A;Simulado
demo_0614.jpg;Saudável;85.64;2026-09-18;Talhão A;Simulado
demo_0615.jpg;Saudável;93.64;2026-09-18;Talhão A;Simulado
demo_0616.jpg;Saudável;95.28;2026-09-18;Talhão A;Simulado
demo_0617.jpg;Saudável;85.93;2026-09-18;Talhão A;Simulado
demo_0618.jpg;Saudável;98.11;2026-09-18;Talhão A;Simulado
demo_0619.jpg;Saudável;99.07;2026-09-18;Talhão A;Simulado
demo_0620.jpg;Saudável;92.87;2026-09-18;Talhão A;Simulado
demo_0621.jpg;Saudável;93.06;2026-09-18;Talhão A;Simulado
demo_0622.jpg;Saudável;94.55;2026-09-18;Talhão A;Simulado
demo_0623.jpg;Saudável;96.81;2026-09-18;Talhão A;Simulado
demo_0624.jpg;Saudável;99.0;2026-09-18;Talhão A;Simulado
demo_0625.jpg;Doente;90.57;2026-09-18;Talhão B;Simulado
demo_0626.jpg;Doente;96.22;2026-09-18;Talhão B;Simulado
demo_0627.jpg;Doente;80.53;2026-09-18;Talhão B;Simulado
demo_0628.jpg;Saudável;97.93;2026-09-18;Talhão B;Simulado
demo_0629.jpg;Saudável;88.96;2026-09-18;Talhão B;Simulado
demo_0630.jpg;Doente;82.74;2026-09-18;Talhão B;Simulado
demo_0631.jpg;Doente;98.71;2026-09-18;Talhão B;Simulado
demo_0632.jpg;Doente;92.38;2026-09-18;Talhão B;Simulado
demo_0633.jpg;Doente;93.54;2026-09-18;Talhão B;Simulado
demo_0634.jpg;Doente;85.37;2026-09-18;Talhão B;Simulado
demo_0635.jpg;Doente;94.85;2026-09-18;Talhão B;Simulado
demo_0636.jpg;Doente;95.11;2026-09-18;Talhão B;Simulado
demo_0637.jpg;Saudável;89.52;2026-09-18;Talhão C;Simulado
demo_0638.jpg;Saudável;91.46;2026-09-18;Talhão C;Simulado
demo_0639.jpg;Saudável;91.54;2026-09-18;Talhão C;Simulado
demo_0640.jpg;Saudável;86.34;2026-09-18;Talhão C;Simulado
demo_0641.jpg;Saudável;90.52;2026-09-18;Talhão C;Simulado
demo_0642.jpg;Saudável;93.15;2026-09-18;Talhão C;Simulado
demo_0643.jpg;Saudável;96.52;2026-09-18;Talhão C;Simulado
demo_0644.jpg;Saudável;88.93;2026-09-18;Talhão C;Simulado
demo_0645.jpg;Saudável;95.71;2026-09-18;Talhão C;Simulado
demo_0646.jpg;Saudável;97.11;2026-09-18;Talhão C;Simulado
demo_0647.jpg;Saudável;89.96;2026-09-18;Talhão C;Simulado
demo_0648.jpg;Doente;82.09;2026-09-18;Talhão C;Simulado
demo_0649.jpg;Saudável;86.19;2026-09-19;Talhão A;Simulado
demo_0650.jpg;Saudável;95.83;2026-09-19;Talhão A;Simulado
demo_0651.jpg;Saudável;89.63;2026-09-19;Talhão A;Simulado
demo_0652.jpg;Saudável;97.63;2026-09-19;Talhão A;Simulado
demo_0653.jpg;Doente;83.76;2026-09-19;Talhão A;Simulado
demo_0654.jpg;Saudável;98.28;2026-09-19;Talhão A;Simulado
demo_0655.jpg;Saudável;86.38;2026-09-19;Talhão A;Simulado
demo_0656.jpg;Doente;95.51;2026-09-19;Talhão A;Simulado
demo_0657.jpg;Saudável;90.04;2026-09-19;Talhão A;Simulado
demo_0658.jpg;Saudável;96.41;2026-09-19;Talhão A;Simulado
demo_0659.jpg;Saudável;92.67;2026-09-19;Talhão A;Simulado
demo_0660.jpg;Saudável;91.28;2026-09-19;Talhão A;Simulado
demo_0661.jpg;Doente;92.4;2026-09-19;Talhão B;Simulado
demo_0662.jpg;Doente;79.16;2026-09-19;Talhão B;Simulado
demo_0663.jpg;Saudável;88.71;2026-09-19;Talhão B;Simulado
demo_0664.jpg;Doente;90.12;2026-09-19;Talhão B;Simulado
demo_0665.jpg;Doente;82.74;2026-09-19;Talhão B;Simulado
demo_0666.jpg;Doente;83.67;2026-09-19;Talhão B;Simulado
demo_0667.jpg;Doente;97.12;2026-09-19;Talhão B;Simulado
demo_0668.jpg;Doente;83.75;2026-09-19;Talhão B;Simulado
demo_0669.jpg;Doente;87.66;2026-09-19;Talhão B;Simulado
demo_0670.jpg;Doente;93.08;2026-09-19;Talhão B;Simulado
demo_0671.jpg;Doente;94.1;2026-09-19;Talhão B;Simulado
demo_0672.jpg;Doente;94.88;2026-09-19;Talhão B;Simulado
demo_0673.jpg;Saudável;87.69;2026-09-19;Talhão C;Simulado
demo_0674.jpg;Saudável;94.27;2026-09-19;Talhão C;Simulado
demo_0675.jpg;Saudável;93.38;2026-09-19;Talhão C;Simulado
demo_0676.jpg;Doente;89.74;2026-09-19;Talhão C;Simulado
demo_0677.jpg;Doente;96.56;2026-09-19;Talhão C;Simulado
demo_0678.jpg;Saudável;85.64;2026-09-19;Talhão C;Simulado
demo_0679.jpg;Saudável;86.97;2026-09-19;Talhão C;Simulado
demo_0680.jpg;Doente;79.08;2026-09-19;Talhão C;Simulado
demo_0681.jpg;Doente;97.82;2026-09-19;Talhão C;Simulado
demo_0682.jpg;Saudável;85.76;2026-09-19;Talhão C;Simulado
demo_0683.jpg;Saudável;93.92;2026-09-19;Talhão C;Simulado
demo_0684.jpg;Saudável;99.56;2026-09-19;Talhão C;Simulado
demo_0685.jpg;Doente;87.51;2026-09-20;Talhão A;Simulado
demo_0686.jpg;Saudável;89.68;2026-09-20;Talhão A;Simulado
demo_0687.jpg;Saudável;92.16;2026-09-20;Talhão A;Simulado
demo_0688.jpg;Saudável;95.42;2026-09-20;Talhão A;Simulado
demo_0689.jpg;Saudável;91.31;2026-09-20;Talhão A;Simulado
demo_0690.jpg;Saudável;97.8;2026-09-20;Talhão A;Simulado
demo_0691.jpg;Saudável;89.58;2026-09-20;Talhão A;Simulado
demo_0692.jpg;Saudável;86.25;2026-09-20;Talhão A;Simulado
demo_0693.jpg;Doente;78.6;2026-09-20;Talhão A;Simulado
demo_0694.jpg;Saudável;99.21;2026-09-20;Talhão A;Simulado
demo_0695.jpg;Doente;84.41;2026-09-20;Talhão A;Simulado
demo_0696.jpg;Saudável;85.05;2026-09-20;Talhão A;Simulado
demo_0697.jpg;Doente;81.5;2026-09-20;Talhão B;Simulado
demo_0698.jpg;Doente;87.31;2026-09-20;Talhão B;Simulado
demo_0699.jpg;Doente;87.05;2026-09-20;Talhão B;Simulado
demo_0700.jpg;Doente;97.08;2026-09-20;Talhão B;Simulado
demo_0701.jpg;Doente;90.42;2026-09-20;Talhão B;Simulado
demo_0702.jpg;Saudável;86.23;2026-09-20;Talhão B;Simulado
demo_0703.jpg;Saudável;91.28;2026-09-20;Talhão B;Simulado
demo_0704.jpg;Doente;92.79;2026-09-20;Talhão B;Simulado
demo_0705.jpg;Saudável;96.64;2026-09-20;Talhão B;Simulado
demo_0706.jpg;Saudável;91.74;2026-09-20;Talhão B;Simulado
demo_0707.jpg;Doente;85.12;2026-09-20;Talhão B;Simulado
demo_0708.jpg;Doente;93.17;2026-09-20;Talhão B;Simulado
demo_0709.jpg;Saudável;94.28;2026-09-20;Talhão C;Simulado
demo_0710.jpg;Saudável;97.72;2026-09-20;Talhão C;Simulado
demo_0711.jpg;Doente;96.42;2026-09-20;Talhão C;Simulado
demo_0712.jpg;Saudável;92.37;2026-09-20;Talhão C;Simulado
demo_0713.jpg;Saudável;99.85;2026-09-20;Talhão C;Simulado
demo_0714.jpg;Saudável;86.51;2026-09-20;Talhão C;Simulado
demo_0715.jpg;Saudável;90.52;2026-09-20;Talhão C;Simulado
demo_0716.jpg;Saudável;87.03;2026-09-20;Talhão C;Simulado
demo_0717.jpg;Saudável;98.15;2026-09-20;Talhão C;Simulado
demo_0718.jpg;Saudável;98.72;2026-09-20;Talhão C;Simulado
demo_0719.jpg;Saudável;98.88;2026-09-20;Talhão C;Simulado
demo_0720.jpg;Saudável;92.06;2026-09-20;Talhão C;Simulado
demo_0721.jpg;Saudável;88.9;2026-09-21;Talhão A;Simulado
demo_0722.jpg;Saudável;85.85;2026-09-21;Talhão A;Simulado
demo_0723.jpg;Saudável;99.5;2026-09-21;Talhão A;Simulado
demo_0724.jpg;Saudável;86.45;2026-09-21;Talhão A;Simulado
demo_0725.jpg;Saudável;96.79;2026-09-21;Talhão A;Simulado
demo_0726.jpg;Saudável;99.81;2026-09-21;Talhão A;Simulado
demo_0727.jpg;Saudável;93.73;2026-09-21;Talhão A;Simulado
demo_0728.jpg;Saudável;93.23;2026-09-21;Talhão A;Simulado
demo_0729.jpg;Saudável;88.99;2026-09-21;Talhão A;Simulado
demo_0730.jpg;Saudável;99.77;2026-09-21;Talhão A;Simulado
demo_0731.jpg;Saudável;95.22;2026-09-21;Talhão A;Simulado
demo_0732.jpg;Saudável;88.98;2026-09-21;Talhão A;Simulado
demo_0733.jpg;Saudável;96.24;2026-09-21;Talhão B;Simulado
demo_0734.jpg;Doente;94.96;2026-09-21;Talhão B;Simulado
demo_0735.jpg;Doente;81.57;2026-09-21;Talhão B;Simulado
demo_0736.jpg;Doente;91.84;2026-09-21;Talhão B;Simulado
demo_0737.jpg;Saudável;99.72;2026-09-21;Talhão B;Simulado
demo_0738.jpg;Doente;93.35;2026-09-21;Talhão B;Simulado
demo_0739.jpg;Saudável;87.01;2026-09-21;Talhão B;Simulado
demo_0740.jpg;Saudável;87.32;2026-09-21;Talhão B;Simulado
demo_0741.jpg;Doente;93.69;2026-09-21;Talhão B;Simulado
demo_0742.jpg;Doente;81.43;2026-09-21;Talhão B;Simulado
demo_0743.jpg;Doente;87.81;2026-09-21;Talhão B;Simulado
demo_0744.jpg;Saudável;96.76;2026-09-21;Talhão B;Simulado
demo_0745.jpg;Saudável;93.91;2026-09-21;Talhão C;Simulado
demo_0746.jpg;Saudável;85.66;2026-09-21;Talhão C;Simulado
demo_0747.jpg;Doente;98.98;2026-09-21;Talhão C;Simulado
demo_0748.jpg;Doente;98.7;2026-09-21;Talhão C;Simulado
demo_0749.jpg;Saudável;93.32;2026-09-21;Talhão C;Simulado
demo_0750.jpg;Doente;80.56;2026-09-21;Talhão C;Simulado
demo_0751.jpg;Doente;97.11;2026-09-21;Talhão C;Simulado
demo_0752.jpg;Doente;80.21;2026-09-21;Talhão C;Simulado
demo_0753.jpg;Saudável;94.38;2026-09-21;Talhão C;Simulado
demo_0754.jpg;Saudável;87.67;2026-09-21;Talhão C;Simulado
demo_0755.jpg;Saudável;98.33;2026-09-21;Talhão C;Simulado
demo_0756.jpg;Saudável;99.19;2026-09-21;Talhão C;Simulado
demo_0757.jpg;Saudável;92.06;2026-09-22;Talhão A;Simulado
demo_0758.jpg;Saudável;97.06;2026-09-22;Talhão A;Simulado
demo_0759.jpg;Saudável;90.94;2026-09-22;Talhão A;Simulado
demo_0760.jpg;Doente;88.74;2026-09-22;Talhão A;Simulado
demo_0761.jpg;Saudável;97.83;2026-09-22;Talhão A;Simulado
demo_0762.jpg;Saudável;86.64;2026-09-22;Talhão A;Simulado
demo_0763.jpg;Saudável;92.93;2026-09-22;Talhão A;Simulado
demo_0764.jpg;Saudável;85.91;2026-09-22;Talhão A;Simulado
demo_0765.jpg;Doente;81.5;2026-09-22;Talhão A;Simulado
demo_0766.jpg;Saudável;91.07;2026-09-22;Talhão A;Simulado
demo_0767.jpg;Saudável;93.7;2026-09-22;Talhão A;Simulado
demo_0768.jpg;Saudável;90.02;2026-09-22;Talhão A;Simulado
demo_0769.jpg;Doente;80.66;2026-09-22;Talhão B;Simulado
demo_0770.jpg;Doente;86.3;2026-09-22;Talhão B;Simulado
demo_0771.jpg;Doente;84.73;2026-09-22;Talhão B;Simulado
demo_0772.jpg;Doente;96.25;2026-09-22;Talhão B;Simulado
demo_0773.jpg;Saudável;86.79;2026-09-22;Talhão B;Simulado
demo_0774.jpg;Saudável;99.71;2026-09-22;Talhão B;Simulado
demo_0775.jpg;Doente;82.07;2026-09-22;Talhão B;Simulado
demo_0776.jpg;Saudável;92.27;2026-09-22;Talhão B;Simulado
demo_0777.jpg;Doente;93.07;2026-09-22;Talhão B;Simulado
demo_0778.jpg;Saudável;92.12;2026-09-22;Talhão B;Simulado
demo_0779.jpg;Saudável;86.86;2026-09-22;Talhão B;Simulado
demo_0780.jpg;Saudável;97.89;2026-09-22;Talhão B;Simulado
demo_0781.jpg;Saudável;94.45;2026-09-22;Talhão C;Simulado
demo_0782.jpg;Doente;85.11;2026-09-22;Talhão C;Simulado
demo_0783.jpg;Saudável;93.92;2026-09-22;Talhão C;Simulado
demo_0784.jpg;Saudável;91.1;2026-09-22;Talhão C;Simulado
demo_0785.jpg;Saudável;96.58;2026-09-22;Talhão C;Simulado
demo_0786.jpg;Saudável;88.27;2026-09-22;Talhão C;Simulado
demo_0787.jpg;Saudável;85.63;2026-09-22;Talhão C;Simulado
demo_0788.jpg;Saudável;98.99;2026-09-22;Talhão C;Simulado
demo_0789.jpg;Doente;85.37;2026-09-22;Talhão C;Simulado
demo_0790.jpg;Doente;85.44;2026-09-22;Talhão C;Simulado
demo_0791.jpg;Doente;85.73;2026-09-22;Talhão C;Simulado
demo_0792.jpg;Saudável;86.26;2026-09-22;Talhão C;Simulado
demo_0793.jpg;Saudável;87.06;2026-09-23;Talhão A;Simulado
demo_0794.jpg;Saudável;97.32;2026-09-23;Talhão A;Simulado
demo_0795.jpg;Saudável;99.79;2026-09-23;Talhão A;Simulado
demo_0796.jpg;Saudável;93.51;2026-09-23;Talhão A;Simulado
demo_0797.jpg;Saudável;87.0;2026-09-23;Talhão A;Simulado
demo_0798.jpg;Saudável;92.64;2026-09-23;Talhão A;Simulado
demo_0799.jpg;Saudável;85.99;2026-09-23;Talhão A;Simulado
demo_0800.jpg;Saudável;96.99;2026-09-23;Talhão A;Simulado
demo_0801.jpg;Saudável;98.57;2026-09-23;Talhão A;Simulado
demo_0802.jpg;Saudável;87.62;2026-09-23;Talhão A;Simulado
demo_0803.jpg;Saudável;97.15;2026-09-23;Talhão A;Simulado
demo_0804.jpg;Saudável;94.97;2026-09-23;Talhão A;Simulado
demo_0805.jpg;Doente;88.27;2026-09-23;Talhão B;Simulado
demo_0806.jpg;Saudável;96.85;2026-09-23;Talhão B;Simulado
demo_0807.jpg;Saudável;90.93;2026-09-23;Talhão B;Simulado
demo_0808.jpg;Doente;78.25;2026-09-23;Talhão B;Simulado
demo_0809.jpg;Doente;81.6;2026-09-23;Talhão B;Simulado
demo_0810.jpg;Saudável;92.79;2026-09-23;Talhão B;Simulado
demo_0811.jpg;Doente;92.27;2026-09-23;Talhão B;Simulado
demo_0812.jpg;Doente;93.88;2026-09-23;Talhão B;Simulado
demo_0813.jpg;Doente;95.53;2026-09-23;Talhão B;Simulado
demo_0814.jpg;Doente;92.81;2026-09-23;Talhão B;Simulado
demo_0815.jpg;Saudável;98.47;2026-09-23;Talhão B;Simulado
demo_0816.jpg;Saudável;92.35;2026-09-23;Talhão B;Simulado
demo_0817.jpg;Saudável;94.49;2026-09-23;Talhão C;Simulado
demo_0818.jpg;Saudável;85.59;2026-09-23;Talhão C;Simulado
demo_0819.jpg;Saudável;98.81;2026-09-23;Talhão C;Simulado
demo_0820.jpg;Saudável;88.36;2026-09-23;Talhão C;Simulado
demo_0821.jpg;Saudável;95.86;2026-09-23;Talhão C;Simulado
demo_0822.jpg;Saudável;90.11;2026-09-23;Talhão C;Simulado
demo_0823.jpg;Saudável;90.91;2026-09-23;Talhão C;Simulado
demo_0824.jpg;Saudável;85.16;2026-09-23;Talhão C;Simulado
demo_0825.jpg;Saudável;90.07;2026-09-23;Talhão C;Simulado
demo_0826.jpg;Saudável;88.3;2026-09-23;Talhão C;Simulado
demo_0827.jpg;Saudável;91.98;2026-09-23;Talhão C;Simulado
demo_0828.jpg;Saudável;95.1;2026-09-23;Talhão C;Simulado
demo_0829.jpg;Saudável;93.16;2026-09-24;Talhão A;Simulado
demo_0830.jpg;Saudável;86.64;2026-09-24;Talhão A;Simulado
demo_0831.jpg;Saudável;98.83;2026-09-24;Talhão A;Simulado
demo_0832.jpg;Saudável;88.82;2026-09-24;Talhão A;Simulado
demo_0833.jpg;Saudável;93.97;2026-09-24;Talhão A;Simulado
demo_0834.jpg;Saudável;85.67;2026-09-24;Talhão A;Simulado
demo_0835.jpg;Saudável;87.68;2026-09-24;Talhão A;Simulado
demo_0836.jpg;Saudável;93.09;2026-09-24;Talhão A;Simulado
demo_0837.jpg;Saudável;98.77;2026-09-24;Talhão A;Simulado
demo_0838.jpg;Saudável;90.83;2026-09-24;Talhão A;Simulado
demo_0839.jpg;Saudável;85.06;2026-09-24;Talhão A;Simulado
demo_0840.jpg;Saudável;92.56;2026-09-24;Talhão A;Simulado
demo_0841.jpg;Saudável;90.31;2026-09-24;Talhão B;Simulado
demo_0842.jpg;Saudável;89.53;2026-09-24;Talhão B;Simulado
demo_0843.jpg;Doente;89.81;2026-09-24;Talhão B;Simulado
demo_0844.jpg;Doente;91.89;2026-09-24;Talhão B;Simulado
demo_0845.jpg;Saudável;93.59;2026-09-24;Talhão B;Simulado
demo_0846.jpg;Doente;81.79;2026-09-24;Talhão B;Simulado
demo_0847.jpg;Saudável;92.99;2026-09-24;Talhão B;Simulado
demo_0848.jpg;Saudável;93.6;2026-09-24;Talhão B;Simulado
demo_0849.jpg;Doente;97.15;2026-09-24;Talhão B;Simulado
demo_0850.jpg;Saudável;92.47;2026-09-24;Talhão B;Simulado
demo_0851.jpg;Doente;78.55;2026-09-24;Talhão B;Simulado
demo_0852.jpg;Saudável;93.98;2026-09-24;Talhão B;Simulado
demo_0853.jpg;Saudável;95.04;2026-09-24;Talhão C;Simulado
demo_0854.jpg;Doente;93.9;2026-09-24;Talhão C;Simulado
demo_0855.jpg;Saudável;87.51;2026-09-24;Talhão C;Simulado
demo_0856.jpg;Doente;88.36;2026-09-24;Talhão C;Simulado
demo_0857.jpg;Saudável;94.43;2026-09-24;Talhão C;Simulado
demo_0858.jpg;Saudável;99.39;2026-09-24;Talhão C;Simulado
demo_0859.jpg;Doente;90.97;2026-09-24;Talhão C;Simulado
demo_0860.jpg;Saudável;87.79;2026-09-24;Talhão C;Simulado
demo_0861.jpg;Saudável;87.15;2026-09-24;Talhão C;Simulado
demo_0862.jpg;Saudável;96.01;2026-09-24;Talhão C;Simulado
demo_0863.jpg;Saudável;89.15;2026-09-24;Talhão C;Simulado
demo_0864.jpg;Saudável;85.94;2026-09-24;Talhão C;Simulado
demo_0865.jpg;Saudável;91.59;2026-09-25;Talhão A;Simulado
demo_0866.jpg;Saudável;97.05;2026-09-25;Talhão A;Simulado
demo_0867.jpg;Saudável;87.48;2026-09-25;Talhão A;Simulado
demo_0868.jpg;Saudável;91.48;2026-09-25;Talhão A;Simulado
demo_0869.jpg;Saudável;91.59;2026-09-25;Talhão A;Simulado
demo_0870.jpg;Saudável;86.27;2026-09-25;Talhão A;Simulado
demo_0871.jpg;Saudável;90.59;2026-09-25;Talhão A;Simulado
demo_0872.jpg;Saudável;97.88;2026-09-25;Talhão A;Simulado
demo_0873.jpg;Saudável;89.35;2026-09-25;Talhão A;Simulado
demo_0874.jpg;Saudável;96.85;2026-09-25;Talhão A;Simulado
demo_0875.jpg;Saudável;90.91;2026-09-25;Talhão A;Simulado
demo_0876.jpg;Saudável;90.26;2026-09-25;Talhão A;Simulado
demo_0877.jpg;Doente;89.17;2026-09-25;Talhão B;Simulado
demo_0878.jpg;Saudável;85.53;2026-09-25;Talhão B;Simulado
demo_0879.jpg;Doente;81.53;2026-09-25;Talhão B;Simulado
demo_0880.jpg;Doente;87.07;2026-09-25;Talhão B;Simulado
demo_0881.jpg;Saudável;91.25;2026-09-25;Talhão B;Simulado
demo_0882.jpg;Saudável;99.66;2026-09-25;Talhão B;Simulado
demo_0883.jpg;Doente;95.54;2026-09-25;Talhão B;Simulado
demo_0884.jpg;Doente;81.96;2026-09-25;Talhão B;Simulado
demo_0885.jpg;Saudável;87.58;2026-09-25;Talhão B;Simulado
demo_0886.jpg;Saudável;96.15;2026-09-25;Talhão B;Simulado
demo_0887.jpg;Saudável;90.57;2026-09-25;Talhão B;Simulado
demo_0888.jpg;Doente;98.21;2026-09-25;Talhão B;Simulado
demo_0889.jpg;Doente;93.73;2026-09-25;Talhão C;Simulado
demo_0890.jpg;Saudável;87.24;2026-09-25;Talhão C;Simulado
demo_0891.jpg;Saudável;92.36;2026-09-25;Talhão C;Simulado
demo_0892.jpg;Doente;86.09;2026-09-25;Talhão C;Simulado
demo_0893.jpg;Saudável;93.54;2026-09-25;Talhão C;Simulado
demo_0894.jpg;Saudável;86.46;2026-09-25;Talhão C;Simulado
demo_0895.jpg;Saudável;88.26;2026-09-25;Talhão C;Simulado
demo_0896.jpg;Saudável;91.45;2026-09-25;Talhão C;Simulado
demo_0897.jpg;Saudável;95.62;2026-09-25;Talhão C;Simulado
demo_0898.jpg;Saudável;88.88;2026-09-25;Talhão C;Simulado
demo_0899.jpg;Doente;96.02;2026-09-25;Talhão C;Simulado
demo_0900.jpg;Doente;85.87;2026-09-25;Talhão C;Simulado
demo_0901.jpg;Saudável;89.3;2026-09-26;Talhão A;Simulado
demo_0902.jpg;Doente;96.99;2026-09-26;Talhão A;Simulado
demo_0903.jpg;Saudável;90.41;2026-09-26;Talhão A;Simulado
demo_0904.jpg;Saudável;89.26;2026-09-26;Talhão A;Simulado
demo_0905.jpg;Saudável;98.76;2026-09-26;Talhão A;Simulado
demo_0906.jpg;Doente;91.26;2026-09-26;Talhão A;Simulado
demo_0907.jpg;Saudável;89.85;2026-09-26;Talhão A;Simulado
demo_0908.jpg;Saudável;93.15;2026-09-26;Talhão A;Simulado
demo_0909.jpg;Saudável;86.67;2026-09-26;Talhão A;Simulado
demo_0910.jpg;Saudável;85.96;2026-09-26;Talhão A;Simulado
demo_0911.jpg;Saudável;91.43;2026-09-26;Talhão A;Simulado
demo_0912.jpg;Saudável;95.24;2026-09-26;Talhão A;Simulado
demo_0913.jpg;Saudável;97.5;2026-09-26;Talhão B;Simulado
demo_0914.jpg;Saudável;92.67;2026-09-26;Talhão B;Simulado
demo_0915.jpg;Saudável;94.14;2026-09-26;Talhão B;Simulado
demo_0916.jpg;Saudável;96.68;2026-09-26;Talhão B;Simulado
demo_0917.jpg;Saudável;91.31;2026-09-26;Talhão B;Simulado
demo_0918.jpg;Saudável;85.23;2026-09-26;Talhão B;Simulado
demo_0919.jpg;Doente;90.09;2026-09-26;Talhão B;Simulado
demo_0920.jpg;Saudável;97.48;2026-09-26;Talhão B;Simulado
demo_0921.jpg;Saudável;99.18;2026-09-26;Talhão B;Simulado
demo_0922.jpg;Saudável;89.63;2026-09-26;Talhão B;Simulado
demo_0923.jpg;Doente;80.14;2026-09-26;Talhão B;Simulado
demo_0924.jpg;Saudável;92.32;2026-09-26;Talhão B;Simulado
demo_0925.jpg;Saudável;88.71;2026-09-26;Talhão C;Simulado
demo_0926.jpg;Saudável;87.01;2026-09-26;Talhão C;Simulado
demo_0927.jpg;Doente;92.04;2026-09-26;Talhão C;Simulado
demo_0928.jpg;Saudável;93.57;2026-09-26;Talhão C;Simulado
demo_0929.jpg;Saudável;97.8;2026-09-26;Talhão C;Simulado
demo_0930.jpg;Saudável;97.55;2026-09-26;Talhão C;Simulado
demo_0931.jpg;Saudável;97.63;2026-09-26;Talhão C;Simulado
demo_0932.jpg;Saudável;92.56;2026-09-26;Talhão C;Simulado
demo_0933.jpg;Saudável;96.06;2026-09-26;Talhão C;Simulado
demo_0934.jpg;Saudável;94.06;2026-09-26;Talhão C;Simulado
demo_0935.jpg;Saudável;86.14;2026-09-26;Talhão C;Simulado
demo_0936.jpg;Saudável;88.32;2026-09-26;Talhão C;Simulado
demo_0937.jpg;Saudável;88.23;2026-09-27;Talhão A;Simulado
demo_0938.jpg;Saudável;93.49;2026-09-27;Talhão A;Simulado
demo_0939.jpg;Saudável;89.78;2026-09-27;Talhão A;Simulado
demo_0940.jpg;Saudável;91.26;2026-09-27;Talhão A;Simulado
demo_0941.jpg;Saudável;99.19;2026-09-27;Talhão A;Simulado
demo_0942.jpg;Saudável;91.92;2026-09-27;Talhão A;Simulado
demo_0943.jpg;Saudável;95.78;2026-09-27;Talhão A;Simulado
demo_0944.jpg;Doente;90.23;2026-09-27;Talhão A;Simulado
demo_0945.jpg;Saudável;92.52;2026-09-27;Talhão A;Simulado
demo_0946.jpg;Saudável;90.54;2026-09-27;Talhão A;Simulado
demo_0947.jpg;Saudável;90.31;2026-09-27;Talhão A;Simulado
demo_0948.jpg;Saudável;97.12;2026-09-27;Talhão A;Simulado
demo_0949.jpg;Saudável;89.92;2026-09-27;Talhão B;Simulado
demo_0950.jpg;Saudável;89.85;2026-09-27;Talhão B;Simulado
demo_0951.jpg;Saudável;86.14;2026-09-27;Talhão B;Simulado
demo_0952.jpg;Saudável;99.63;2026-09-27;Talhão B;Simulado
demo_0953.jpg;Saudável;88.93;2026-09-27;Talhão B;Simulado
demo_0954.jpg;Saudável;90.98;2026-09-27;Talhão B;Simulado
demo_0955.jpg;Saudável;92.42;2026-09-27;Talhão B;Simulado
demo_0956.jpg;Saudável;91.15;2026-09-27;Talhão B;Simulado
demo_0957.jpg;Saudável;87.36;2026-09-27;Talhão B;Simulado
demo_0958.jpg;Saudável;94.68;2026-09-27;Talhão B;Simulado
demo_0959.jpg;Saudável;86.81;2026-09-27;Talhão B;Simulado
demo_0960.jpg;Saudável;88.14;2026-09-27;Talhão B;Simulado
demo_0961.jpg;Doente;90.85;2026-09-27;Talhão C;Simulado
demo_0962.jpg;Saudável;98.84;2026-09-27;Talhão C;Simulado
demo_0963.jpg;Saudável;85.42;2026-09-27;Talhão C;Simulado
demo_0964.jpg;Saudável;91.77;2026-09-27;Talhão C;Simulado
demo_0965.jpg;Saudável;95.1;2026-09-27;Talhão C;Simulado
demo_0966.jpg;Saudável;92.79;2026-09-27;Talhão C;Simulado
demo_0967.jpg;Saudável;93.51;2026-09-27;Talhão C;Simulado
demo_0968.jpg;Saudável;89.62;2026-09-27;Talhão C;Simulado
demo_0969.jpg;Saudável;95.44;2026-09-27;Talhão C;Simulado
demo_0970.jpg;Doente;87.05;2026-09-27;Talhão C;Simulado
demo_0971.jpg;Doente;95.37;2026-09-27;Talhão C;Simulado
demo_0972.jpg;Saudável;94.77;2026-09-27;Talhão C;Simulado
demo_0973.jpg;Doente;97.16;2026-09-28;Talhão A;Simulado
demo_0974.jpg;Saudável;94.52;2026-09-28;Talhão A;Simulado
demo_0975.jpg;Saudável;88.42;2026-09-28;Talhão A;Simulado
demo_0976.jpg;Saudável;87.83;2026-09-28;Talhão A;Simulado
demo_0977.jpg;Saudável;97.83;2026-09-28;Talhão A;Simulado
demo_0978.jpg;Saudável;89.14;2026-09-28;Talhão A;Simulado
demo_0979.jpg;Saudável;96.4;2026-09-28;Talhão A;Simulado
demo_0980.jpg;Saudável;95.94;2026-09-28;Talhão A;Simulado
demo_0981.jpg;Saudável;90.25;2026-09-28;Talhão A;Simulado
demo_0982.jpg;Saudável;86.69;2026-09-28;Talhão A;Simulado
demo_0983.jpg;Saudável;99.42;2026-09-28;Talhão A;Simulado
demo_0984.jpg;Saudável;90.82;2026-09-28;Talhão A;Simulado
demo_0985.jpg;Saudável;87.56;2026-09-28;Talhão B;Simulado
demo_0986.jpg;Saudável;99.7;2026-09-28;Talhão B;Simulado
demo_0987.jpg;Saudável;87.78;2026-09-28;Talhão B;Simulado
demo_0988.jpg;Saudável;93.22;2026-09-28;Talhão B;Simulado
demo_0989.jpg;Saudável;99.76;2026-09-28;Talhão B;Simulado
demo_0990.jpg;Saudável;85.33;2026-09-28;Talhão B;Simulado
demo_0991.jpg;Saudável;90.51;2026-09-28;Talhão B;Simulado
demo_0992.jpg;Saudável;96.45;2026-09-28;Talhão B;Simulado
demo_0993.jpg;Saudável;91.66;2026-09-28;Talhão B;Simulado
demo_0994.jpg;Doente;88.21;2026-09-28;Talhão B;Simulado
demo_0995.jpg;Saudável;92.4;2026-09-28;Talhão B;Simulado
demo_0996.jpg;Saudável;93.62;2026-09-28;Talhão B;Simulado
demo_0997.jpg;Saudável;96.6;2026-09-28;Talhão C;Simulado
demo_0998.jpg;Doente;90.47;2026-09-28;Talhão C;Simulado
demo_0999.jpg;Saudável;98.52;2026-09-28;Talhão C;Simulado
demo_1000.jpg;Saudável;92.35;2026-09-28;Talhão C;Simulado
demo_1001.jpg;Saudável;85.17;2026-09-28;Talhão C;Simulado
demo_1002.jpg;Saudável;99.47;2026-09-28;Talhão C;Simulado
demo_1003.jpg;Saudável;92.94;2026-09-28;Talhão C;Simulado
demo_1004.jpg;Saudável;95.9;2026-09-28;Talhão C;Simulado
demo_1005.jpg;Saudável;95.18;2026-09-28;Talhão C;Simulado
demo_1006.jpg;Saudável;95.5;2026-09-28;Talhão C;Simulado
demo_1007.jpg;Saudável;85.88;2026-09-28;Talhão C;Simulado
demo_1008.jpg;Saudável;92.41;2026-09-28;Talhão C;Simulado
demo_1009.jpg;Saudável;86.04;2026-09-29;Talhão A;Simulado
demo_1010.jpg;Saudável;88.92;2026-09-29;Talhão A;Simulado
demo_1011.jpg;Saudável;92.78;2026-09-29;Talhão A;Simulado
demo_1012.jpg;Doente;87.51;2026-09-29;Talhão A;Simulado
demo_1013.jpg;Saudável;98.97;2026-09-29;Talhão A;Simulado
demo_1014.jpg;Saudável;89.18;2026-09-29;Talhão A;Simulado
demo_1015.jpg;Saudável;87.08;2026-09-29;Talhão A;Simulado
demo_1016.jpg;Doente;79.81;2026-09-29;Talhão A;Simulado
demo_1017.jpg;Saudável;87.07;2026-09-29;Talhão A;Simulado
demo_1018.jpg;Doente;94.11;2026-09-29;Talhão A;Simulado
demo_1019.jpg;Saudável;85.47;2026-09-29;Talhão A;Simulado
demo_1020.jpg;Saudável;92.13;2026-09-29;Talhão A;Simulado
demo_1021.jpg;Saudável;92.6;2026-09-29;Talhão B;Simulado
demo_1022.jpg;Saudável;90.07;2026-09-29;Talhão B;Simulado
demo_1023.jpg;Saudável;92.13;2026-09-29;Talhão B;Simulado
demo_1024.jpg;Doente;80.33;2026-09-29;Talhão B;Simulado
demo_1025.jpg;Saudável;90.78;2026-09-29;Talhão B;Simulado
demo_1026.jpg;Saudável;87.69;2026-09-29;Talhão B;Simulado
demo_1027.jpg;Saudável;96.1;2026-09-29;Talhão B;Simulado
demo_1028.jpg;Saudável;87.87;2026-09-29;Talhão B;Simulado
demo_1029.jpg;Saudável;99.31;2026-09-29;Talhão B;Simulado
demo_1030.jpg;Saudável;89.21;2026-09-29;Talhão B;Simulado
demo_1031.jpg;Saudável;99.78;2026-09-29;Talhão B;Simulado
demo_1032.jpg;Saudável;89.79;2026-09-29;Talhão B;Simulado
demo_1033.jpg;Doente;84.81;2026-09-29;Talhão C;Simulado
demo_1034.jpg;Saudável;94.52;2026-09-29;Talhão C;Simulado
demo_1035.jpg;Saudável;91.06;2026-09-29;Talhão C;Simulado
demo_1036.jpg;Saudável;97.02;2026-09-29;Talhão C;Simulado
demo_1037.jpg;Saudável;89.59;2026-09-29;Talhão C;Simulado
demo_1038.jpg;Doente;98.42;2026-09-29;Talhão C;Simulado
demo_1039.jpg;Saudável;88.36;2026-09-29;Talhão C;Simulado
demo_1040.jpg;Doente;93.87;2026-09-29;Talhão C;Simulado
demo_1041.jpg;Saudável;99.78;2026-09-29;Talhão C;Simulado
demo_1042.jpg;Saudável;98.45;2026-09-29;Talhão C;Simulado
demo_1043.jpg;Saudável;92.32;2026-09-29;Talhão C;Simulado
demo_1044.jpg;Doente;81.65;2026-09-29;Talhão C;Simulado
demo_1045.jpg;Saudável;88.78;2026-09-30;Talhão A;Simulado
demo_1046.jpg;Saudável;85.2;2026-09-30;Talhão A;Simulado
demo_1047.jpg;Saudável;85.59;2026-09-30;Talhão A;Simulado
demo_1048.jpg;Saudável;89.18;2026-09-30;Talhão A;Simulado
demo_1049.jpg;Saudável;89.64;2026-09-30;Talhão A;Simulado
demo_1050.jpg;Saudável;97.41;2026-09-30;Talhão A;Simulado
demo_1051.jpg;Saudável;99.35;2026-09-30;Talhão A;Simulado
demo_1052.jpg;Saudável;87.95;2026-09-30;Talhão A;Simulado
demo_1053.jpg;Saudável;98.22;2026-09-30;Talhão A;Simulado
demo_1054.jpg;Saudável;96.45;2026-09-30;Talhão A;Simulado
demo_1055.jpg;Saudável;86.52;2026-09-30;Talhão A;Simulado
demo_1056.jpg;Saudável;94.25;2026-09-30;Talhão A;Simulado
demo_1057.jpg;Saudável;92.12;2026-09-30;Talhão B;Simulado
demo_1058.jpg;Saudável;98.62;2026-09-30;Talhão B;Simulado
demo_1059.jpg;Doente;94.43;2026-09-30;Talhão B;Simulado
demo_1060.jpg;Saudável;90.73;2026-09-30;Talhão B;Simulado
demo_1061.jpg;Saudável;94.76;2026-09-30;Talhão B;Simulado
demo_1062.jpg;Doente;80.86;2026-09-30;Talhão B;Simulado
demo_1063.jpg;Saudável;87.25;2026-09-30;Talhão B;Simulado
demo_1064.jpg;Saudável;95.64;2026-09-30;Talhão B;Simulado
demo_1065.jpg;Saudável;90.93;2026-09-30;Talhão B;Simulado
demo_1066.jpg;Saudável;86.17;2026-09-30;Talhão B;Simulado
demo_1067.jpg;Saudável;96.83;2026-09-30;Talhão B;Simulado
demo_1068.jpg;Saudável;87.7;2026-09-30;Talhão B;Simulado
demo_1069.jpg;Saudável;94.36;2026-09-30;Talhão C;Simulado
demo_1070.jpg;Saudável;93.12;2026-09-30;Talhão C;Simulado
demo_1071.jpg;Saudável;98.96;2026-09-30;Talhão C;Simulado
demo_1072.jpg;Saudável;85.89;2026-09-30;Talhão C;Simulado
demo_1073.jpg;Saudável;86.12;2026-09-30;Talhão C;Simulado
demo_1074.jpg;Saudável;90.41;2026-09-30;Talhão C;Simulado
demo_1075.jpg;Saudável;96.62;2026-09-30;Talhão C;Simulado
demo_1076.jpg;Saudável;93.71;2026-09-30;Talhão C;Simulado
demo_1077.jpg;Saudável;89.85;2026-09-30;Talhão C;Simulado
demo_1078.jpg;Doente;95.18;2026-09-30;Talhão C;Simulado
demo_1079.jpg;Saudável;85.77;2026-09-30;Talhão C;Simulado
demo_1080.jpg;Saudável;94.42;2026-09-30;Talhão C;Simulado
